"file","joy","sad","disgust","anger","surprise","fear"
"ex1","0.6834595490001067","0.8673766839460941","0.7535108355802879","0.5956653098060306","0.9751038166350785","0.9007392323004276"
